GEOID,asian_indian,chinese,filipino,japanese,korean,vietnamese
1,0.2786557252196106,0.27039940812215657,0.188128477472699,0.04828511495948597,0.09440495115388856,0.1201263230721593
